Date / Time,CPU Usage %,Temperature C
2021-04-07 14:49:55.459690,16.6,55.3
2021-04-07 14:50:05.881167,2.7,54.8
2021-04-07 14:50:16.289674,1,54.2
2021-04-07 14:50:26.725056,3.1,54.2
2021-04-07 14:50:36.999073,2.1,54.2
2021-04-07 14:50:47.441644,2.9,54.2
2021-04-07 14:50:57.877706,2.1,54.2
2021-04-07 14:51:08.316712,2.4,53.7
2021-04-07 14:51:18.758163,1.1,53.7
2021-04-07 14:51:29.158858,2.6,53.7
2021-04-07 14:51:39.562547,2.5,53.7
2021-04-07 14:51:49.989894,2,54.2
2021-04-07 14:52:00.401735,2.7,54.8
2021-04-07 14:52:10.812620,0.5,53.7
2021-04-07 14:52:21.281380,3.1,53.7
2021-04-07 14:52:31.778549,1.9,54.2
2021-04-07 14:52:42.224972,3.5,54.8
2021-04-07 14:52:52.646117,2.1,53.7
2021-04-07 14:53:10.176022,1.8,53.7
2021-04-07 14:53:20.612550,2,54.2
2021-04-07 14:53:31.247720,2.9,53.7
2021-04-07 14:53:41.679607,1.4,53.7
2021-04-07 14:53:52.113084,2.2,53.7
2021-04-07 14:54:02.579643,2,53.7
2021-04-07 14:54:13.060680,3,53.7
2021-04-07 14:54:23.319266,2,53.7
2021-04-07 14:54:33.631968,2.2,53.7
2021-04-07 14:54:44.078618,2,54.2
2021-04-07 14:54:54.580519,2,54.2
2021-04-07 14:55:05.027616,2.8,54.2
2021-04-07 14:55:15.459726,2.1,53.7
2021-04-07 14:55:25.767611,2.4,54.2
2021-04-07 14:55:36.213355,0.9,54.2
2021-04-07 14:55:46.477342,1.8,53.7
2021-04-07 14:55:56.801116,3.1,53.7
2021-04-07 14:56:07.243659,2,53.7
2021-04-07 14:56:17.692760,2,54.2
2021-04-07 14:56:27.935600,2.2,53.7
2021-04-07 14:56:38.188721,1.5,53.7
2021-04-07 14:56:48.623311,2.3,53.7
2021-04-07 14:56:59.076393,3.8,54.2
2021-04-07 14:57:09.394763,2.1,53.7
2021-04-07 14:57:19.660214,1.5,53.7
2021-04-07 14:57:29.948786,2.3,53.7
2021-04-07 14:57:40.396421,2.2,54.2
2021-04-07 14:57:50.667162,2,53.7
2021-04-07 14:58:01.079844,2.2,53.7
2021-04-07 14:58:11.532989,1.9,54.2
2021-04-07 14:58:21.921681,2.3,54.2
2021-04-07 14:58:32.404385,2,53.7
2021-04-07 14:58:42.853312,3.1,53.7
2021-04-07 14:58:53.104782,2.5,53.7
2021-04-07 14:59:03.548871,2.3,54.2
2021-04-07 14:59:13.979231,1.8,53.7
2021-04-07 14:59:24.239828,2.5,53.7
2021-04-07 14:59:34.674245,1.8,53.7
2021-04-07 14:59:45.061957,3.4,53.7
2021-04-07 14:59:55.486594,2.1,53.7
2021-04-07 15:00:05.754192,1.3,53.7
2021-04-07 15:00:16.205550,2.2,53.7
2021-04-07 15:00:26.472030,2.3,53.7
2021-04-07 15:00:36.739016,2.1,53.7
2021-04-07 15:00:47.159651,3.2,53.7
2021-04-07 15:00:57.635065,2,54.2
2021-04-07 15:01:07.867660,1,54.2
2021-04-07 15:01:18.121163,3.4,53.7
2021-04-07 15:01:28.536486,2.1,53.7
2021-04-07 15:01:38.944569,4.1,53.7
2021-04-07 15:01:49.196240,2.3,54.8
2021-04-07 15:01:59.592194,0.6,53.7
2021-04-07 15:02:10.007719,3.1,53.7
2021-04-07 15:02:20.449675,2.1,53.7
2021-04-07 15:02:30.717278,2.2,53.7
2021-04-07 15:02:41.146870,3.5,53.7
2021-04-07 15:02:51.416987,0.8,53.2
2021-04-07 15:03:01.801402,1.6,53.7
2021-04-07 15:03:12.201753,3.7,53.7
2021-04-07 15:03:22.602020,2.3,53.7
2021-04-07 15:03:33.054485,2,53.7
2021-04-07 15:03:43.492408,2.3,54.8
2021-04-07 15:03:53.915789,2.1,53.7
2021-04-07 15:04:04.209981,2.7,54.2
2021-04-07 15:04:14.621263,2.7,53.7
2021-04-07 15:04:25.048529,2.1,54.2
2021-04-07 15:04:35.385929,2.3,54.2
2021-04-07 15:04:45.691840,1.6,53.7
2021-04-07 15:04:56.147293,2,53.7
2021-04-07 15:05:06.592282,3.1,54.2
2021-04-07 15:05:16.909187,2.3,54.2
2021-04-07 15:05:27.223158,2.3,54.2
2021-04-07 15:05:37.505090,1.8,53.7
2021-04-07 15:05:47.805621,1.9,53.7
2021-04-07 15:05:58.246569,3.8,54.2
2021-04-07 15:06:08.680907,2.1,53.7
2021-04-07 15:06:19.167153,3.2,53.7
2021-04-07 15:06:29.454556,1.5,53.7
2021-04-07 15:06:39.826234,2.8,53.7
2021-04-07 15:06:50.181210,2.1,53.7
2021-04-07 15:07:00.575041,3.2,54.8
2021-04-07 15:07:10.848622,2.1,54.2
2021-04-07 15:07:21.155136,1.4,54.2
2021-04-07 15:07:31.591909,2.3,54.2
2021-04-07 15:07:42.043610,2.2,53.7
2021-04-07 15:07:52.307712,2.1,53.7
2021-04-07 15:08:02.604487,3.1,54.2
2021-04-07 15:08:12.990359,2,54.2
2021-04-07 15:08:23.263994,1.6,53.7
2021-04-07 15:08:33.859261,2.1,53.7
2021-04-07 15:08:44.313183,2.1,54.2
2021-04-07 15:08:54.579645,3,53.7
2021-04-07 15:09:04.845359,2.1,54.2
2021-04-07 15:09:15.099632,1.7,53.7
2021-04-07 15:09:25.386678,1.6,53.7
2021-04-07 15:09:35.869813,4,54.2
2021-04-07 15:09:46.125677,4.1,53.7
2021-04-07 15:09:56.400773,2.1,54.2
2021-04-07 15:10:06.629614,0.8,53.7
2021-04-07 15:10:17.111101,3.2,54.2
2021-04-07 15:10:27.388614,3.2,53.7
2021-04-07 15:10:37.651881,2.3,54.2
2021-04-07 15:10:48.093885,3.4,53.7
2021-04-07 15:10:58.348695,1.3,54.8
2021-04-07 15:11:08.605490,1.4,53.7
2021-04-07 15:11:18.864909,3.4,54.8
2021-04-07 15:11:29.176196,3.7,54.2
2021-04-07 15:11:39.680298,2.1,53.7
2021-04-07 15:11:49.972547,2.4,53.7
2021-04-07 15:12:00.278203,1.2,53.7
2021-04-07 15:12:10.528263,2.1,54.2
2021-04-07 15:12:20.936517,3.1,53.7
2021-04-07 15:12:31.336151,2.1,54.2
2021-04-07 15:12:41.855833,3.1,54.2
2021-04-07 15:12:52.135368,1.5,53.7
2021-04-07 15:13:02.448953,3.5,53.7
2021-04-07 15:13:12.694590,2.1,53.7
2021-04-07 15:13:23.123369,3.7,53.7
2021-04-07 15:13:33.416926,2,54.8
2021-04-07 15:13:43.886448,0.6,54.2
2021-04-07 15:13:54.140384,3,53.7
2021-04-07 15:14:04.455153,2.5,53.7
2021-04-07 15:14:14.732365,3.6,53.7
2021-04-07 15:14:25.103373,2.1,54.8
2021-04-07 15:14:35.354923,1.4,53.7
2021-04-07 15:14:45.651637,2.4,53.7
2021-04-07 15:14:56.056598,2.2,53.7
2021-04-07 15:15:06.374583,2.5,53.7
2021-04-07 15:15:16.868549,3.3,53.7
2021-04-07 15:15:27.197113,2,54.2
2021-04-07 15:15:37.647875,2.7,53.7
2021-04-07 15:15:48.043965,2.2,53.7
2021-04-07 15:15:58.303488,3.5,54.2
2021-04-07 15:16:08.612874,2.5,53.7
2021-04-07 15:16:19.029630,2.5,54.8
2021-04-07 15:16:29.329089,1.6,53.7
2021-04-07 15:16:39.738375,3.3,54.2
2021-04-07 15:16:49.999322,2.1,54.2
2021-04-07 15:17:00.321492,3.7,54.8
2021-04-07 15:17:10.585499,2,54.2
2021-04-07 15:17:20.854657,0.8,53.7
2021-04-07 15:17:31.325226,3.2,53.7
2021-04-07 15:17:41.612524,1.9,53.7
2021-04-07 15:17:52.035258,3.1,53.7
2021-04-07 15:18:02.451845,2,54.2
2021-04-07 15:18:12.742261,1.6,53.7
2021-04-07 15:18:22.995254,2.2,53.7
2021-04-07 15:18:33.435073,2.1,53.7
2021-04-07 15:18:44.005485,2.9,53.7
2021-04-07 15:18:54.320903,2,54.8
2021-04-07 15:19:04.635441,1.4,54.2
2021-04-07 15:19:14.896056,1.6,53.7
2021-04-07 15:19:25.157290,2,53.7
2021-04-07 15:19:35.596046,3.2,53.7
2021-04-07 15:19:46.035294,2.1,54.2
2021-04-07 15:19:56.310615,2,53.7
2021-04-07 15:20:06.562417,1.1,53.7
2021-04-07 15:20:16.876074,2.1,53.7
2021-04-07 15:20:27.159642,3.3,53.7
2021-04-07 15:20:37.395127,2.1,54.2
2021-04-07 15:20:47.660653,2.4,53.7
2021-04-07 15:20:57.954535,1,53.7
2021-04-07 15:21:08.493172,2.8,53.7
2021-04-07 15:21:19.034113,2,53.7
2021-04-07 15:21:29.363576,3.2,53.7
2021-04-07 15:21:39.669735,2.1,54.2
2021-04-07 15:21:50.104802,0.6,54.2
2021-04-07 15:22:00.428100,3.3,53.7
2021-04-07 15:22:10.710873,2.2,53.7
2021-04-07 15:22:20.968846,2.7,53.7
2021-04-07 15:22:31.258001,3,53.7
2021-04-07 15:22:41.548225,1.3,53.7
2021-04-07 15:22:51.847404,1.8,54.2
2021-04-07 15:23:02.128890,3.4,54.2
2021-04-07 15:23:12.547913,2.2,53.7
2021-04-07 15:23:23.053070,2.5,54.2
2021-04-07 15:23:33.503103,1.3,53.7
2021-04-07 15:23:44.110361,2.2,53.7
2021-04-07 15:23:54.372116,2.1,53.7
2021-04-07 15:24:04.706554,3.5,54.2
2021-04-07 15:24:15.189353,2.1,54.2
2021-04-07 15:24:25.632152,2.2,54.8
2021-04-07 15:24:36.034186,1.4,53.7
2021-04-07 15:24:46.452198,2.5,53.7
2021-04-07 15:24:56.706200,1.9,53.7
2021-04-07 15:25:06.980954,3.9,53.7
2021-04-07 15:25:17.417920,2.1,54.8
2021-04-07 15:25:27.669623,1.7,53.7
2021-04-07 15:25:37.923962,2,53.7
2021-04-07 15:25:48.304899,3.2,53.7
2021-04-07 15:25:58.770292,2.2,54.2
2021-04-07 15:26:09.078777,2,54.2
2021-04-07 15:26:19.464647,2.2,53.7
2021-04-07 15:26:29.942946,1.5,53.7
2021-04-07 15:26:40.378762,1.9,54.2
2021-04-07 15:26:50.711741,2.7,54.2
2021-04-07 15:27:08.221435,2.5,53.7
2021-04-07 15:27:18.489144,2.1,54.8
2021-04-07 15:27:28.742464,3.1,53.7
2021-04-07 15:27:39.192695,1.9,54.8
2021-04-07 15:27:49.451939,2.1,54.8
2021-04-07 15:27:59.843115,1.6,53.7
2021-04-07 15:28:10.158277,3.3,53.7
2021-04-07 15:28:20.422610,2,53.7
2021-04-07 15:28:30.898756,2.4,53.7
2021-04-07 15:28:41.329615,2.1,53.7
2021-04-07 15:28:51.680936,1,53.7
2021-04-07 15:29:02.079154,3.5,54.2
2021-04-07 15:29:12.490396,1.9,53.7
2021-04-07 15:29:22.922151,2.9,54.2
2021-04-07 15:29:33.377388,1.9,54.2
2021-04-07 15:29:43.651831,1.6,53.7
2021-04-07 15:29:53.955145,2.2,54.2
2021-04-07 15:30:04.264843,2.8,54.8
2021-04-07 15:30:14.540169,2.2,53.7
2021-04-07 15:30:24.948033,3,53.7
2021-04-07 15:30:35.291712,1.4,53.7
2021-04-07 15:30:45.730606,2.1,54.2
2021-04-07 15:30:56.047060,2.9,54.2
2021-04-07 15:31:06.323418,2.3,53.7
2021-04-07 15:31:16.633860,3.1,53.7
2021-04-07 15:31:26.911760,1,54.2
2021-04-07 15:31:37.461770,2.3,53.7
2021-04-07 15:31:47.775694,2.2,53.7
2021-04-07 15:31:58.201456,3,53.7
2021-04-07 15:32:08.504382,3.1,54.8
2021-04-07 15:32:18.792269,1.3,53.7
2021-04-07 15:32:29.246093,2,53.7
2021-04-07 15:32:39.686432,2.2,53.7
2021-04-07 15:32:50.129640,3.1,53.7
2021-04-07 15:33:00.444681,2,54.2
2021-04-07 15:33:10.715825,3,54.2
2021-04-07 15:33:20.965858,1.2,53.7
2021-04-07 15:33:31.414356,2.4,54.2
2021-04-07 15:33:41.726801,4.3,54.2
2021-04-07 15:33:52.331856,3,53.7
2021-04-07 15:34:02.643134,1.9,53.7
2021-04-07 15:34:12.939089,0.8,54.2
2021-04-07 15:34:23.353418,1.7,53.7
2021-04-07 15:34:33.784102,2.8,54.2
2021-04-07 15:34:44.176752,1.9,53.7
2021-04-07 15:34:54.597727,3.1,53.7
2021-04-07 15:35:04.884273,1.4,54.2
2021-04-07 15:35:15.144755,2,53.7
2021-04-07 15:35:25.549743,2.3,54.2
2021-04-07 15:35:35.797670,3,54.2
2021-04-07 15:35:46.060649,2.2,53.7
2021-04-07 15:35:56.320850,2.2,54.2
2021-04-07 15:36:06.747217,1.7,53.7
2021-04-07 15:36:17.067082,2,53.7
2021-04-07 15:36:27.498063,2.9,53.7
2021-04-07 15:36:37.777616,2.1,54.2
2021-04-07 15:36:48.039640,2.7,53.7
2021-04-07 15:36:58.347726,0.6,53.7
2021-04-07 15:37:08.637816,3.1,54.2
2021-04-07 15:37:18.936239,2.1,53.7
2021-04-07 15:37:29.249961,2.1,54.2
2021-04-07 15:37:39.575558,3.5,54.2
2021-04-07 15:37:49.963410,1.3,53.7
2021-04-07 15:38:00.273577,2.3,54.2
2021-04-07 15:38:10.585713,3.1,54.2
2021-04-07 15:38:21.024525,2,53.7
2021-04-07 15:38:31.400819,2.9,54.2
2021-04-07 15:38:41.916938,1.1,54.2
2021-04-07 15:38:52.177123,2.6,53.7
2021-04-07 15:39:02.491776,2.3,53.7
2021-04-07 15:39:12.742071,2.7,53.7
2021-04-07 15:39:23.064847,2,54.2
2021-04-07 15:39:33.333087,2.7,54.2
2021-04-07 15:39:43.629957,1.9,54.2
2021-04-07 15:39:53.922028,2.2,54.2
2021-04-07 15:40:04.233755,4.2,53.7
2021-04-07 15:40:14.553849,2.1,54.2
2021-04-07 15:40:24.991895,2.3,54.2
2021-04-07 15:40:35.309739,1.2,53.7
2021-04-07 15:40:45.558087,2.6,53.7
2021-04-07 15:40:56.004975,2.6,53.7
2021-04-07 15:41:06.282873,2,54.2
2021-04-07 15:41:16.540631,2.4,53.7
2021-04-07 15:41:26.934546,0.9,54.2
2021-04-07 15:41:37.181242,2.1,54.2
2021-04-07 15:41:47.449574,3.1,54.2
2021-04-07 15:41:57.705653,2.1,54.2
2021-04-07 15:42:08.135215,2.7,53.7
2021-04-07 15:42:18.377588,0.6,53.7
2021-04-07 15:42:28.829648,2.6,54.2
2021-04-07 15:42:39.143865,1.9,54.2
2021-04-07 15:42:49.449032,2.3,53.7
2021-04-07 15:42:59.725867,2.8,53.7
2021-04-07 15:43:09.988174,0.3,54.8
2021-04-07 15:43:20.241058,3.3,54.2
2021-04-07 15:43:30.518410,1.9,54.2
2021-04-07 15:43:40.827432,3.4,53.7
2021-04-07 15:43:51.159644,2.1,53.7
2021-04-07 15:44:01.713383,1.9,54.2
2021-04-07 15:44:12.032775,2.2,53.7
2021-04-07 15:44:22.306283,3.2,53.7
2021-04-07 15:44:32.569943,2.5,53.7
2021-04-07 15:44:42.982165,3.8,54.2
2021-04-07 15:44:53.248051,1.1,53.7
2021-04-07 15:45:03.535758,1.7,53.7
2021-04-07 15:45:13.854534,2.8,54.2
2021-04-07 15:45:24.281211,2,53.7
2021-04-07 15:45:34.550858,2.8,54.2
2021-04-07 15:45:44.967711,1.3,53.7
2021-04-07 15:45:55.280157,2.3,54.2
2021-04-07 15:46:05.668776,3.6,54.2
2021-04-07 15:46:15.978566,1.9,54.2
2021-04-07 15:46:26.308977,3.2,53.7
2021-04-07 15:46:36.749913,1.6,54.2
2021-04-07 15:46:47.153542,1.5,54.2
2021-04-07 15:46:57.570701,2.3,54.8
2021-04-07 15:47:07.811694,2,54.2
2021-04-07 15:47:18.048203,3,54.2
2021-04-07 15:47:28.352075,2.9,53.7
2021-04-07 15:47:38.618027,0.7,53.7
2021-04-07 15:47:49.052424,2.1,53.7
2021-04-07 15:47:59.501823,2.9,54.2
2021-04-07 15:48:09.933425,2,53.7
2021-04-07 15:48:20.197590,3.3,54.2
2021-04-07 15:48:30.485876,0.6,53.7
2021-04-07 15:48:40.778728,2.6,54.2
2021-04-07 15:48:51.213341,2,54.2
2021-04-07 15:49:01.472096,2.4,53.7
2021-04-07 15:49:11.843474,2.8,54.2
2021-04-07 15:49:22.140019,1.1,54.8
2021-04-07 15:49:32.573260,2.5,53.7
2021-04-07 15:49:42.898853,2,54.2
2021-04-07 15:49:53.231466,3.5,54.2
2021-04-07 15:50:03.772057,4.2,54.2
2021-04-07 15:50:14.457963,2,54.8
2021-04-07 15:50:24.839985,1.7,54.8
2021-04-07 15:50:35.282294,2.2,54.2
2021-04-07 15:50:45.721468,2.7,54.2
2021-04-07 15:50:56.160817,2,54.8
2021-04-07 15:51:06.600129,3.1,54.2
2021-04-07 15:51:17.061424,1.3,53.7
2021-04-07 15:51:27.478691,2.9,53.7
2021-04-07 15:51:37.921993,2.1,54.2
2021-04-07 15:51:48.357504,2.7,53.7
2021-04-07 15:51:58.788061,2.2,54.2
2021-04-07 15:52:09.062751,2.5,53.7
2021-04-07 15:52:19.488318,1,53.7
2021-04-07 15:52:29.941851,2.4,53.7
2021-04-07 15:52:40.369996,2.7,54.2
2021-04-07 15:52:50.823463,2,54.8
2021-04-07 15:53:01.265879,3,54.2
2021-04-07 15:53:11.698586,0.4,53.7
2021-04-07 15:53:22.121607,2.3,54.2
2021-04-07 15:53:32.568156,2,54.2
2021-04-07 15:53:42.834721,3,54.2
2021-04-07 15:53:53.081289,2.1,54.8
2021-04-07 15:54:03.715966,1.9,54.8
2021-04-07 15:54:14.158747,1.4,53.7
2021-04-07 15:54:24.594013,3,54.2
2021-04-07 15:54:35.157513,2.5,53.7
2021-04-07 15:54:45.602641,2.3,54.2
2021-04-07 15:54:56.019038,2.9,54.2
2021-04-07 15:55:06.297587,0.8,53.7
2021-04-07 15:55:16.585513,3.1,53.7
2021-04-07 15:55:26.833788,2.2,53.7
2021-04-07 15:55:37.254308,3.4,54.2
2021-04-07 15:55:47.528933,1.9,54.2
2021-04-07 15:55:57.955088,0.8,54.2
2021-04-07 15:56:08.237012,3.1,53.7
2021-04-07 15:56:18.500840,2.2,53.7
2021-04-07 15:56:28.906375,2.9,54.2
2021-04-07 15:56:39.297945,2.1,54.2
2021-04-07 15:56:49.723649,2,54.2
2021-04-07 15:57:00.123916,1.8,54.2
2021-04-07 15:57:10.441913,2.7,54.2
2021-04-07 15:57:20.716026,2.2,54.2
2021-04-07 15:57:30.963014,3,53.7
2021-04-07 15:57:41.413451,1,54.2
2021-04-07 15:57:51.677104,2,54.2
2021-04-07 15:58:02.102036,2.1,53.7
2021-04-07 15:58:12.412615,2.6,54.8
2021-04-07 15:58:22.874318,2.5,53.7
2021-04-07 15:58:33.119606,2,54.2
2021-04-07 15:58:43.534964,1.2,53.7
2021-04-07 15:58:53.943259,2.3,54.2
2021-04-07 15:59:04.357814,3.4,54.2
2021-04-07 15:59:14.764591,2,53.7
2021-04-07 15:59:25.029615,3.2,53.7
2021-04-07 15:59:35.267308,0.6,53.7
2021-04-07 15:59:45.655490,2.7,53.7
2021-04-07 15:59:56.103739,2.4,54.2
2021-04-07 16:00:06.538279,2,53.7
2021-04-07 16:00:16.822354,3,53.7
2021-04-07 16:00:27.227150,0.7,53.7
2021-04-07 16:00:37.669294,2.9,53.7
2021-04-07 16:00:48.010715,3.6,54.8
2021-04-07 16:00:58.461171,2,53.7
2021-04-07 16:01:08.778331,3.2,54.2
2021-04-07 16:01:19.096395,1.1,53.7
2021-04-07 16:01:29.374301,2,53.7
2021-04-07 16:01:39.765890,2.4,54.2
2021-04-07 16:01:50.165801,2.1,54.8
2021-04-07 16:02:00.585435,3.1,53.7
2021-04-07 16:02:11.010940,1.8,53.7
2021-04-07 16:02:21.310401,1.9,53.7
2021-04-07 16:02:31.753807,1.9,54.2
2021-04-07 16:02:42.181855,2.8,54.2
2021-04-07 16:02:52.606806,2.2,54.2
2021-04-07 16:03:02.943050,3.1,54.2
2021-04-07 16:03:13.231904,0.7,54.2
2021-04-07 16:03:23.644770,3.3,54.2
2021-04-07 16:03:33.930885,2,53.7
2021-04-07 16:03:44.234146,3.1,53.7
2021-04-07 16:03:54.662969,2.1,53.7
2021-04-07 16:04:05.109106,1.9,54.8
2021-04-07 16:04:15.431386,1.6,54.2
2021-04-07 16:04:25.709384,3,54.2
2021-04-07 16:04:36.140085,2.5,53.7
2021-04-07 16:04:46.562842,2.3,54.8
2021-04-07 16:04:56.993925,2.4,53.7
2021-04-07 16:05:07.441706,1.6,54.8
2021-04-07 16:05:17.697261,2,54.2
2021-04-07 16:05:28.140941,3.2,54.2
2021-04-07 16:05:38.439112,2.8,53.7
2021-04-07 16:05:48.790727,2.7,54.2
2021-04-07 16:05:59.226903,0.7,54.2
2021-04-07 16:06:09.961087,3.1,54.2
2021-04-07 16:06:20.370897,3.1,54.2
2021-04-07 16:06:30.816324,1.9,54.2
2021-04-07 16:06:41.142531,3.9,53.7
2021-04-07 16:06:51.437694,0.9,54.2
2021-04-07 16:07:01.857620,2.1,53.7
2021-04-07 16:07:12.311423,2.5,53.7
2021-04-07 16:07:22.635627,3,54.2
2021-04-07 16:07:32.924642,3,54.2
2021-04-07 16:07:43.213976,3.1,54.2
2021-04-07 16:07:53.480701,1.7,53.7
2021-04-07 16:08:03.856729,2,53.7
2021-04-07 16:08:14.331890,2.8,54.2
2021-04-07 16:08:24.581774,2.2,54.8
2021-04-07 16:08:35.055383,3,54.2
2021-04-07 16:08:45.375778,1.5,54.8
2021-04-07 16:08:55.656619,1.9,54.2
2021-04-07 16:09:06.093061,3,54.2
2021-04-07 16:09:16.405207,2.1,54.2
2021-04-07 16:09:26.735858,3.7,53.7
2021-04-07 16:09:37.155093,0.8,54.2
2021-04-07 16:09:47.432694,3.2,53.7
2021-04-07 16:09:57.753385,3,53.7
2021-04-07 16:10:08.047948,2.1,53.7
2021-04-07 16:10:18.474450,3,54.2
2021-04-07 16:10:28.949616,0.8,53.7
2021-04-07 16:10:39.402176,2.2,53.7
2021-04-07 16:10:49.740170,1.9,54.2
2021-04-07 16:11:00.019615,3.2,54.2
2021-04-07 16:11:10.527488,1.9,54.2
2021-04-07 16:11:20.809424,2.6,54.8
2021-04-07 16:11:31.215554,1.9,53.7
2021-04-07 16:11:41.548465,1.9,53.7
2021-04-07 16:11:51.929324,3.3,54.2
2021-04-07 16:12:02.250854,1.9,53.7
2021-04-07 16:12:12.824553,3.5,54.2
2021-04-07 16:12:23.079641,1.2,54.2
2021-04-07 16:12:33.464330,2,54.2
2021-04-07 16:12:43.751185,3.2,54.2
2021-04-07 16:12:54.097388,2,53.7
2021-04-07 16:13:04.413928,3,54.2
2021-04-07 16:13:14.752510,0.5,54.8
2021-04-07 16:13:25.154192,3.3,53.7
2021-04-07 16:13:35.448062,1.9,53.7
2021-04-07 16:13:45.725531,3.5,53.7
2021-04-07 16:13:56.297293,2.3,54.2
2021-04-07 16:14:06.811496,2,54.2
2021-04-07 16:14:17.277332,2.2,54.2
2021-04-07 16:14:27.638576,2.1,53.7
2021-04-07 16:14:37.951766,3,53.7
2021-04-07 16:14:48.226321,2,54.8
2021-04-07 16:14:58.476198,2.2,53.7
2021-04-07 16:15:08.793109,1.2,53.7
2021-04-07 16:15:19.061743,3.5,54.2
2021-04-07 16:15:29.341973,2,54.2
2021-04-07 16:15:39.769848,3.2,54.2
2021-04-07 16:15:50.060566,1.3,53.7
2021-04-07 16:16:00.579665,1.9,53.7
2021-04-07 16:16:10.916355,2.4,54.2
2021-04-07 16:16:21.203686,2.8,54.8
2021-04-07 16:16:31.648053,2.3,54.2
2021-04-07 16:16:42.054334,2,54.2
2021-04-07 16:16:52.329647,1.7,54.2
2021-04-07 16:17:02.735825,2,54.2
2021-04-07 16:17:12.989375,3.3,53.7
2021-04-07 16:17:23.292122,1.9,53.7
2021-04-07 16:17:33.617212,3.2,54.8
2021-04-07 16:17:44.032969,0.8,54.2
2021-04-07 16:17:54.290146,2.4,53.7
2021-04-07 16:18:04.611477,2.3,53.7
2021-04-07 16:18:14.889631,2.4,54.2
2021-04-07 16:18:25.143545,3.2,53.7
2021-04-07 16:18:35.542180,1,54.2
2021-04-07 16:18:45.809751,2.7,53.7
2021-04-07 16:18:56.219912,1.9,53.7
2021-04-07 16:19:06.656396,3.3,54.2
2021-04-07 16:19:17.059034,2,54.2
2021-04-07 16:19:27.319610,2.3,54.2
2021-04-07 16:19:37.623642,1.2,53.7
2021-04-07 16:19:48.028843,2.5,53.7
2021-04-07 16:19:58.286963,2.8,53.7
2021-04-07 16:20:08.543602,2.1,53.7
2021-04-07 16:20:18.856547,2.7,54.2
2021-04-07 16:20:29.251584,1.3,53.7
2021-04-07 16:20:39.648597,3.1,53.7
2021-04-07 16:20:49.912539,3.1,53.7
2021-04-07 16:21:00.338736,2,54.2
2021-04-07 16:21:10.739366,2,53.7
2021-04-07 16:21:20.968586,1.3,54.2
2021-04-07 16:21:31.226602,3.1,53.7
2021-04-07 16:21:41.460243,3.6,54.2
2021-04-07 16:21:51.705844,2.1,53.7
2021-04-07 16:22:01.961969,2.9,54.2
2021-04-07 16:22:12.246730,0.4,54.2
2021-04-07 16:22:22.655886,2.4,53.7
2021-04-07 16:22:33.089824,2.7,53.7
2021-04-07 16:22:43.338474,2.4,53.7
2021-04-07 16:22:53.744911,4.1,53.7
2021-04-07 16:23:04.001728,1,53.7
2021-04-07 16:23:14.258044,2.4,54.2
2021-04-07 16:23:24.610679,2.4,54.2
2021-04-07 16:23:34.903503,3.9,54.2
2021-04-07 16:23:45.320277,2.1,54.2
2021-04-07 16:23:55.603331,2.2,53.7
2021-04-07 16:24:06.003456,1.6,54.2
2021-04-07 16:24:16.421289,3.1,54.2
2021-04-07 16:24:26.825734,2.2,53.7
2021-04-07 16:24:37.143208,2.5,54.8
2021-04-07 16:24:47.407553,2.3,53.7
2021-04-07 16:24:57.812953,1.2,54.2
2021-04-07 16:25:08.073840,3.1,53.7
2021-04-07 16:25:18.384966,3.3,53.7
2021-04-07 16:25:28.681210,3.7,54.2
2021-04-07 16:25:39.087248,1.4,54.2
2021-04-07 16:25:49.482566,1.3,53.7
2021-04-07 16:25:59.757448,2.4,54.2
2021-04-07 16:26:10.162330,3.2,53.7
2021-04-07 16:26:20.422830,2.1,54.8
2021-04-07 16:26:30.841683,2.9,54.2
2021-04-07 16:26:41.143428,0.8,53.7
2021-04-07 16:26:51.511414,2.4,53.7
2021-04-07 16:27:01.920855,4,53.7
2021-04-07 16:27:12.234804,2.2,53.7
2021-04-07 16:27:22.670088,3.2,54.2
2021-04-07 16:27:33.119641,0.9,53.7
2021-04-07 16:27:43.369919,2.8,54.2
2021-04-07 16:27:53.785579,3.1,54.2
2021-04-07 16:28:04.183763,2.2,54.2
2021-04-07 16:28:14.625435,2.4,54.8
2021-04-07 16:28:25.067528,1.9,53.7
2021-04-07 16:28:35.342584,2.2,54.2
2021-04-07 16:28:45.768853,2,53.7
2021-04-07 16:28:56.050072,3.3,54.8
2021-04-07 16:29:06.289354,2,54.2
2021-04-07 16:29:16.862762,2.7,54.8
2021-04-07 16:29:27.160416,0.8,54.2
2021-04-07 16:29:37.436935,3.1,53.7
2021-04-07 16:29:47.688024,2.3,54.2
2021-04-07 16:29:57.960962,3.1,54.2
2021-04-07 16:30:08.264375,1.8,54.2
2021-04-07 16:30:18.605950,0.9,53.7
2021-04-07 16:30:29.024593,2.8,53.7
2021-04-07 16:30:39.301744,2.2,53.7
2021-04-07 16:30:49.560155,3,54.2
2021-04-07 16:30:59.820354,2.1,54.2
2021-04-07 16:31:10.112851,1.6,53.7
2021-04-07 16:31:20.356522,2,53.7
2021-04-07 16:31:30.698401,3,54.2
2021-04-07 16:31:41.079645,2,53.7
2021-04-07 16:31:51.380462,2.9,54.2
2021-04-07 16:32:01.696376,0.8,53.7
2021-04-07 16:32:11.957257,2.8,54.2
2021-04-07 16:32:22.358761,3.3,53.7
2021-04-07 16:32:32.812643,2.1,53.7
2021-04-07 16:32:43.071167,2.7,54.2
2021-04-07 16:32:53.348227,1.1,54.8
2021-04-07 16:33:03.763727,2.5,53.7
2021-04-07 16:33:14.048054,2.1,54.8
2021-04-07 16:33:24.465612,3.2,54.2
2021-04-07 16:33:34.797291,2.2,53.7
2021-04-07 16:33:45.221860,3.3,53.7
2021-04-07 16:33:55.556851,1.6,53.7
2021-04-07 16:34:05.881990,2.2,54.2
2021-04-07 16:34:16.182808,3.1,54.2
2021-04-07 16:34:26.602486,2,54.2
2021-04-07 16:34:36.909107,2.8,54.8
2021-04-07 16:34:47.285424,0.7,53.7
2021-04-07 16:34:57.707822,3.3,54.2
2021-04-07 16:35:08.001693,2,53.7
2021-04-07 16:35:18.373367,2.1,53.7
2021-04-07 16:35:29.136151,3.2,54.8
2021-04-07 16:35:39.609800,1.1,54.8
2021-04-07 16:35:49.956726,2.8,53.7
2021-04-07 16:36:00.280263,2.1,54.2
2021-04-07 16:36:10.537684,3.1,54.8
2021-04-07 16:36:21.003085,2.1,54.2
2021-04-07 16:36:31.305288,2.3,54.2
2021-04-07 16:36:41.739932,1.3,54.8
2021-04-07 16:36:52.079643,2.9,53.7
2021-04-07 16:37:02.334242,1.9,53.7
2021-04-07 16:37:12.659174,3.6,54.2
2021-04-07 16:37:23.329615,1.9,54.8
2021-04-07 16:37:33.607981,0.7,54.2
2021-04-07 16:37:43.898644,3.1,54.2
2021-04-07 16:37:54.184371,2.3,53.7
2021-04-07 16:38:04.487623,3.3,54.2
2021-04-07 16:38:14.810182,2,54.8
2021-04-07 16:38:25.211145,0.5,54.8
2021-04-07 16:38:35.456174,3,53.7
2021-04-07 16:38:45.734546,2,54.2
2021-04-07 16:38:56.125109,3,54.2
2021-04-07 16:39:06.389809,2.2,54.8
2021-04-07 16:39:16.790350,1.3,53.7
2021-04-07 16:39:27.180611,2.1,53.7
2021-04-07 16:39:37.483027,3.9,54.2
2021-04-07 16:39:47.883464,2,54.8
2021-04-07 16:39:58.139891,2.9,54.8
2021-04-07 16:40:08.546002,1.1,54.2
2021-04-07 16:40:18.839718,2.5,53.7
2021-04-07 16:40:29.090063,3,54.2
2021-04-07 16:40:39.494643,2,53.7
2021-04-07 16:40:49.782418,3.1,54.8
2021-04-07 16:41:00.049379,1.3,55.3
2021-04-07 16:41:10.291497,2.5,54.2
2021-04-07 16:41:20.566077,2,54.2
2021-04-07 16:41:30.831494,3,54.2
2021-04-07 16:41:41.077613,2.1,54.2
2021-04-07 16:41:51.379632,2.6,54.2
2021-04-07 16:42:01.775934,1.1,54.2
2021-04-07 16:42:12.174178,3.5,54.2
2021-04-07 16:42:22.426959,3.1,54.2
2021-04-07 16:42:32.821883,2,54.8
2021-04-07 16:42:43.224167,2.5,54.8
2021-04-07 16:42:53.518263,1.2,54.2
2021-04-07 16:43:03.778452,2.2,53.7
2021-04-07 16:43:14.166663,2.1,54.2
2021-04-07 16:43:24.577959,3.4,54.2
2021-04-07 16:43:34.830731,3.1,54.2
2021-04-07 16:43:45.138295,0.4,54.2
2021-04-07 16:43:55.525641,2.5,54.2
2021-04-07 16:44:05.787597,2,54.8
2021-04-07 16:44:16.193145,2.9,53.7
2021-04-07 16:44:26.605773,2.2,54.8
2021-04-07 16:44:36.985791,1.8,54.2
2021-04-07 16:44:47.366397,1.6,53.7
2021-04-07 16:44:57.763777,3.1,54.8
2021-04-07 16:45:08.013848,2,54.2
2021-04-07 16:45:18.265424,2.4,54.2
2021-04-07 16:45:28.520281,1.8,54.2
2021-04-07 16:45:38.932688,2.3,54.2
2021-04-07 16:45:49.181145,2,53.7
2021-04-07 16:46:00.372875,3.2,53.7
2021-04-07 16:46:10.635596,4,54.2
2021-04-07 16:46:20.891945,1.6,53.7
2021-04-07 16:46:31.134298,0.7,54.2
2021-04-07 16:46:41.380531,3.1,53.7
2021-04-07 16:46:51.711452,2.1,54.2
2021-04-07 16:47:01.979876,3.1,54.8
2021-04-07 16:47:12.241633,1.8,54.8
2021-04-07 16:47:22.629281,1.6,54.2
2021-04-07 16:47:33.025952,1.9,53.7
2021-04-07 16:47:43.436601,2.2,53.7
2021-04-07 16:47:53.842449,3,54.2
2021-04-07 16:48:04.164943,2.1,53.7
2021-04-07 16:48:14.469622,1.8,54.2
2021-04-07 16:48:24.895333,3.2,53.7
2021-04-07 16:48:35.349175,1.9,54.2
2021-04-07 16:48:45.664419,2.7,54.2
2021-04-07 16:48:56.079645,2,53.7
2021-04-07 16:49:06.421835,2.4,54.8
2021-04-07 16:49:16.785410,1.3,53.7
2021-04-07 16:49:27.133507,2.6,54.2
2021-04-07 16:49:37.630987,2.5,54.2
2021-04-07 16:49:47.887965,2.9,54.8
2021-04-07 16:49:58.793357,2.2,54.2
2021-04-07 16:50:09.089411,1.5,54.8
2021-04-07 16:50:19.552337,3.4,54.8
2021-04-07 16:50:30.419295,2.6,54.8
2021-04-07 16:50:40.850862,3.1,54.8
2021-04-07 16:50:51.272314,2,54.2
2021-04-07 16:51:01.719578,2.3,54.8
2021-04-07 16:51:12.185593,1.2,54.2
2021-04-07 16:51:22.590208,3.2,55.3
2021-04-07 16:51:32.995266,3.1,54.2
2021-04-07 16:51:43.392551,2,54.8
2021-04-07 16:51:53.841765,2.9,54.8
2021-04-07 16:52:04.260894,1,54.2
2021-04-07 16:52:14.663433,2.9,53.7
2021-04-07 16:52:25.056097,2.3,54.2
2021-04-07 16:52:35.477542,3.9,54.8
2021-04-07 16:52:45.886589,2,54.2
2021-04-07 16:52:56.285841,2,54.2
2021-04-07 16:53:06.687564,1.5,54.2
2021-04-07 16:53:17.112227,3.1,54.8
2021-04-07 16:53:27.519340,2,53.7
2021-04-07 16:53:37.916503,2.5,54.2
2021-04-07 16:53:48.341615,1.9,53.7
2021-04-07 16:53:58.583936,1,54.2
2021-04-07 16:54:09.008709,3.3,53.7
2021-04-07 16:54:19.271434,2,54.2
2021-04-07 16:54:29.683331,3.2,54.2
2021-04-07 16:54:39.931804,2.3,54.2
2021-04-07 16:54:50.210440,1.7,54.2
2021-04-07 16:55:00.710342,2.8,54.2
2021-04-07 16:55:10.958389,2.2,53.7
2021-04-07 16:55:21.391523,2,54.8
2021-04-07 16:55:31.822702,3.2,54.8
2021-04-07 16:55:42.225686,0.8,54.8
2021-04-07 16:55:52.643788,3,54.8
2021-04-07 16:56:03.055959,2.1,54.2
2021-04-07 16:56:13.325144,3.5,54.8
2021-04-07 16:56:23.785893,2,54.8
2021-04-07 16:56:34.058961,2.2,54.8
2021-04-07 16:56:44.317970,1.5,53.7
2021-04-07 16:56:54.569732,2.6,53.7
2021-04-07 16:57:04.833083,2.9,54.8
2021-04-07 16:57:15.233318,3,54.2
2021-04-07 16:57:25.628745,1.1,54.2
2021-04-07 16:57:35.875694,2.2,54.2
2021-04-07 16:57:46.284198,2.1,54.2
2021-04-07 16:57:56.546250,3.1,54.2
2021-04-07 16:58:06.810761,3.6,54.8
2021-04-07 16:58:17.257430,1.4,54.8
2021-04-07 16:58:27.503341,2.1,54.2
2021-04-07 16:58:37.915120,2.1,53.7
2021-04-07 16:58:48.352772,2.6,54.2
2021-04-07 16:58:58.671015,4.2,53.7
2021-04-07 16:59:09.090108,1.9,54.8
2021-04-07 16:59:20.052457,1.8,54.8
2021-04-07 16:59:30.482481,1.7,54.8
2021-04-07 16:59:40.877284,2,54.2
2021-04-07 16:59:51.122707,3.1,54.8
2021-04-07 17:00:01.543050,2,54.8
2021-04-07 17:00:11.951625,2.2,54.2
2021-04-07 17:00:22.359830,1.3,53.7
2021-04-07 17:00:32.868748,2.8,54.2
2021-04-07 17:00:43.284504,2,54.2
2021-04-07 17:00:53.542196,2.3,54.2
2021-04-07 17:01:03.965159,2.4,53.7
2021-04-07 17:01:14.362288,2.1,53.7
2021-04-07 17:01:24.617779,2.1,54.8
2021-04-07 17:01:34.869426,2.1,53.7
2021-04-07 17:01:45.300314,2.9,54.8
2021-04-07 17:01:55.738861,2,53.7
2021-04-07 17:02:06.104139,1.3,54.2
2021-04-07 17:02:16.369646,1.9,53.7
2021-04-07 17:02:26.700135,3.1,53.7
2021-04-07 17:02:37.152928,2.1,54.2
2021-04-07 17:02:47.448895,2.5,54.8
2021-04-07 17:02:57.908477,1.5,54.2
2021-04-07 17:03:08.189191,2.6,53.7
2021-04-07 17:03:18.432369,3.9,54.2
2021-04-07 17:03:28.873525,2,54.2
2021-04-07 17:03:39.158087,3,54.2
2021-04-07 17:03:49.415458,1.1,54.8
2021-04-07 17:03:59.838149,2.5,54.8
2021-04-07 17:04:10.095673,2,54.2
2021-04-07 17:04:20.515347,2.9,54.8
2021-04-07 17:04:30.964090,1.9,54.2
2021-04-07 17:04:41.294245,2.6,53.7
2021-04-07 17:04:51.591287,0.9,54.8
2021-04-07 17:05:01.919741,3.7,54.2
2021-04-07 17:05:12.441952,2,54.2
2021-04-07 17:05:22.712020,2.8,53.7
2021-04-07 17:05:32.995279,2.1,54.2
2021-04-07 17:05:43.379517,1.7,54.2
2021-04-07 17:05:53.715578,2,54.2
2021-04-07 17:06:03.978086,2.1,53.7
2021-04-07 17:06:14.279761,3.1,54.2
2021-04-07 17:06:24.573724,2.1,54.2
2021-04-07 17:06:34.983160,1.8,54.8
2021-04-07 17:06:45.432898,2.7,53.7
2021-04-07 17:06:55.869643,2,53.7
2021-04-07 17:07:06.141278,3,53.7
2021-04-07 17:07:16.599648,2,54.8
2021-04-07 17:07:26.927245,2.1,53.7
2021-04-07 17:07:37.389260,2.7,54.2
2021-04-07 17:07:47.797157,3.3,54.8
2021-04-07 17:07:58.061723,2.1,54.2
2021-04-07 17:08:08.351473,3.2,54.2
2021-04-07 17:08:18.726196,1.4,54.2
2021-04-07 17:08:29.144464,1.6,54.2
2021-04-07 17:08:39.581047,2.5,54.2
2021-04-07 17:08:49.931587,2.4,54.2
2021-04-07 17:09:00.360642,2.7,54.8
2021-04-07 17:09:10.745611,1.9,54.8
2021-04-07 17:09:21.245271,1.7,53.7
2021-04-07 17:09:31.705067,2.9,53.7
2021-04-07 17:09:41.978186,3.6,54.2
2021-04-07 17:09:52.234312,2,53.7
2021-04-07 17:10:02.646706,3.1,54.8
2021-04-07 17:10:13.086404,0.8,54.2
2021-04-07 17:10:23.507296,2.5,54.2
2021-04-07 17:10:34.001564,1.9,54.2
2021-04-07 17:10:44.343753,3.6,54.8
2021-04-07 17:10:54.804100,2,54.8
2021-04-07 17:11:05.227107,2.4,54.2
2021-04-07 17:11:15.695517,1,54.2
2021-04-07 17:11:26.106878,3.4,54.2
2021-04-07 17:11:36.428599,3.7,53.7
2021-04-07 17:11:46.706358,3.3,54.8
2021-04-07 17:11:57.131450,2.1,54.8
2021-04-07 17:12:07.423058,0.5,54.2
2021-04-07 17:12:17.690434,3.1,54.2
2021-04-07 17:12:27.988794,2,54.2
2021-04-07 17:12:38.254115,2.7,54.2
2021-04-07 17:12:48.616758,2.4,54.8
2021-04-07 17:12:59.050615,0.8,53.7